block_time,blockchain,total,attested_schemas,unique_attesters,unique_recipients
2023-02-25 00:00:00.000 UTC,arbitrum,64,4,3,1
2023-02-27 00:00:00.000 UTC,arbitrum,73,3,3,72
2023-02-28 00:00:00.000 UTC,arbitrum,94,6,7,89
2023-03-01 00:00:00.000 UTC,arbitrum,49,4,4,46
2023-03-02 00:00:00.000 UTC,arbitrum,54,3,3,53
2023-03-03 00:00:00.000 UTC,arbitrum,97,5,3,91
2023-03-04 00:00:00.000 UTC,arbitrum,23,4,4,22
2023-03-04 00:00:00.000 UTC,ethereum,42,1,1,1
2023-03-05 00:00:00.000 UTC,arbitrum,2,2,2,2
2023-03-06 00:00:00.000 UTC,arbitrum,1,1,1,1
2023-03-06 00:00:00.000 UTC,ethereum,1,1,1,1
2023-03-07 00:00:00.000 UTC,arbitrum,4,2,2,3
2023-03-07 00:00:00.000 UTC,ethereum,4,2,2,2
2023-03-08 00:00:00.000 UTC,arbitrum,1,1,1,1
2023-03-08 00:00:00.000 UTC,ethereum,3,2,3,3
2023-03-09 00:00:00.000 UTC,arbitrum,3,2,1,2
2023-03-09 00:00:00.000 UTC,ethereum,1,1,1,1
2023-03-10 00:00:00.000 UTC,arbitrum,2,2,1,1
2023-03-11 00:00:00.000 UTC,arbitrum,3,2,2,1
2023-03-12 00:00:00.000 UTC,arbitrum,3,2,2,2
2023-03-14 00:00:00.000 UTC,arbitrum,3,3,2,3
2023-03-15 00:00:00.000 UTC,arbitrum,4,4,3,2
2023-03-16 00:00:00.000 UTC,arbitrum,1,1,1,1
2023-03-17 00:00:00.000 UTC,arbitrum,3,2,2,3
2023-03-18 00:00:00.000 UTC,ethereum,1,1,1,1
2023-03-19 00:00:00.000 UTC,arbitrum,6,6,3,3
2023-03-20 00:00:00.000 UTC,arbitrum,1,1,1,1
2023-03-21 00:00:00.000 UTC,ethereum,3,2,2,2
2023-03-24 00:00:00.000 UTC,arbitrum,1,1,1,1
2023-03-25 00:00:00.000 UTC,arbitrum,1,1,1,1
2023-03-25 00:00:00.000 UTC,ethereum,1,1,1,1
2023-03-26 00:00:00.000 UTC,arbitrum,1,1,1,1
2023-03-27 00:00:00.000 UTC,arbitrum,1,1,1,1
2023-03-28 00:00:00.000 UTC,ethereum,1,1,1,1
2023-03-29 00:00:00.000 UTC,arbitrum,1,1,1,1
2023-03-29 00:00:00.000 UTC,ethereum,1,1,1,1
2023-03-30 00:00:00.000 UTC,arbitrum,1,1,1,1
2023-03-31 00:00:00.000 UTC,ethereum,5,1,4,2
2023-04-03 00:00:00.000 UTC,arbitrum,8,1,1,4
2023-04-04 00:00:00.000 UTC,arbitrum,5,2,2,2
2023-04-05 00:00:00.000 UTC,arbitrum,1,1,1,1
2023-04-05 00:00:00.000 UTC,ethereum,1,1,1,1
2023-04-06 00:00:00.000 UTC,arbitrum,2,2,2,2
2023-04-07 00:00:00.000 UTC,arbitrum,2,1,2,2
2023-04-08 00:00:00.000 UTC,arbitrum,1,1,1,1
2023-04-09 00:00:00.000 UTC,arbitrum,1,1,1,1
2023-04-10 00:00:00.000 UTC,arbitrum,1,1,1,1
2023-04-11 00:00:00.000 UTC,arbitrum,1,1,1,1
2023-04-13 00:00:00.000 UTC,arbitrum,1,1,1,1
2023-04-14 00:00:00.000 UTC,arbitrum,3,1,3,1
2023-04-18 00:00:00.000 UTC,arbitrum,1,1,1,1
2023-04-20 00:00:00.000 UTC,arbitrum,1,1,1,1
2023-04-20 00:00:00.000 UTC,ethereum,1,1,1,1
2023-04-27 00:00:00.000 UTC,arbitrum,1,1,1,1
2023-04-28 00:00:00.000 UTC,arbitrum,3,3,2,3
2023-05-02 00:00:00.000 UTC,arbitrum,1,1,1,1
2023-05-03 00:00:00.000 UTC,arbitrum,7,5,4,3
2023-05-04 00:00:00.000 UTC,arbitrum,3,2,2,2
2023-05-06 00:00:00.000 UTC,arbitrum,7,2,1,1
2023-05-09 00:00:00.000 UTC,arbitrum,2,2,2,1
2023-05-12 00:00:00.000 UTC,arbitrum,1,1,1,1
2023-05-14 00:00:00.000 UTC,ethereum,1,1,1,1
2023-05-15 00:00:00.000 UTC,arbitrum,2,2,2,2
2023-05-15 00:00:00.000 UTC,ethereum,1,1,1,1
2023-05-17 00:00:00.000 UTC,arbitrum,1,1,1,1
2023-05-19 00:00:00.000 UTC,arbitrum,1,1,1,1
2023-05-19 00:00:00.000 UTC,ethereum,1,1,1,1
2023-05-20 00:00:00.000 UTC,arbitrum,4,1,1,1
2023-05-25 00:00:00.000 UTC,arbitrum,1,1,1,1
2023-05-26 00:00:00.000 UTC,ethereum,1,1,1,1
2023-05-27 00:00:00.000 UTC,arbitrum,1,1,1,1
2023-05-27 00:00:00.000 UTC,ethereum,1,1,1,1
2023-05-28 00:00:00.000 UTC,arbitrum,2,1,1,2
2023-05-28 00:00:00.000 UTC,ethereum,1,1,1,1
2023-05-29 00:00:00.000 UTC,arbitrum,18,1,1,18
2023-05-30 00:00:00.000 UTC,arbitrum,19,1,1,19
2023-05-30 00:00:00.000 UTC,ethereum,1,1,1,1
2023-05-31 00:00:00.000 UTC,arbitrum,4,1,1,4
2023-06-01 00:00:00.000 UTC,arbitrum,3,3,3,1
2023-06-01 00:00:00.000 UTC,ethereum,1,1,1,1
2023-06-05 00:00:00.000 UTC,arbitrum,1,1,1,1
2023-06-12 00:00:00.000 UTC,arbitrum,1,1,1,1
2023-06-14 00:00:00.000 UTC,arbitrum,3,1,1,1
2023-06-25 00:00:00.000 UTC,arbitrum,1,1,1,1
2023-06-27 00:00:00.000 UTC,arbitrum,1,1,1,1
2023-06-28 00:00:00.000 UTC,arbitrum,1,1,1,1
2023-06-30 00:00:00.000 UTC,ethereum,2,2,1,2
2023-07-05 00:00:00.000 UTC,arbitrum,1,1,1,1
2023-07-06 00:00:00.000 UTC,arbitrum,2,2,2,2
2023-07-07 00:00:00.000 UTC,arbitrum,1,1,1,1
2023-07-08 00:00:00.000 UTC,arbitrum,1,1,1,1
2023-07-09 00:00:00.000 UTC,arbitrum,54,1,1,54
2023-07-09 00:00:00.000 UTC,ethereum,1,1,1,1
2023-07-10 00:00:00.000 UTC,arbitrum,1,1,1,1
2023-07-11 00:00:00.000 UTC,arbitrum,4,3,3,4
2023-07-12 00:00:00.000 UTC,arbitrum,14,2,2,9
2023-07-13 00:00:00.000 UTC,arbitrum,20,2,2,5
2023-07-14 00:00:00.000 UTC,arbitrum,5,4,3,4
2023-07-15 00:00:00.000 UTC,arbitrum,1,1,1,1
2023-07-15 00:00:00.000 UTC,ethereum,1,1,1,1
2023-07-18 00:00:00.000 UTC,arbitrum,1,1,1,1
2023-07-19 00:00:00.000 UTC,arbitrum,2,2,2,2
2023-07-21 00:00:00.000 UTC,arbitrum,11,3,3,8
2023-07-22 00:00:00.000 UTC,arbitrum,3,1,1,3
2023-07-23 00:00:00.000 UTC,arbitrum,2,1,1,2
2023-07-23 00:00:00.000 UTC,ethereum,1,1,1,1
2023-07-24 00:00:00.000 UTC,arbitrum,2,1,1,2
2023-07-24 00:00:00.000 UTC,ethereum,1,1,1,1
2023-07-25 00:00:00.000 UTC,arbitrum,5,2,2,5
2023-07-25 00:00:00.000 UTC,ethereum,1,1,1,1
2023-07-27 00:00:00.000 UTC,arbitrum,7,1,1,2
2023-07-28 00:00:00.000 UTC,arbitrum,4,1,1,4
2023-07-28 00:00:00.000 UTC,optimism,51,2,3,1
2023-07-29 00:00:00.000 UTC,arbitrum,37,4,3,25
2023-07-29 00:00:00.000 UTC,optimism,50,4,46,34
2023-07-30 00:00:00.000 UTC,arbitrum,11,1,1,8
2023-07-30 00:00:00.000 UTC,ethereum,1,1,1,1
2023-07-30 00:00:00.000 UTC,optimism,70,5,57,35
2023-07-31 00:00:00.000 UTC,arbitrum,24,2,3,15
2023-07-31 00:00:00.000 UTC,optimism,34,1,34,10
2023-08-01 00:00:00.000 UTC,arbitrum,10,4,3,8
2023-08-01 00:00:00.000 UTC,optimism,15,9,9,10
2023-08-02 00:00:00.000 UTC,arbitrum,9,3,2,6
2023-08-02 00:00:00.000 UTC,optimism,6,4,3,4
2023-08-03 00:00:00.000 UTC,arbitrum,8,5,2,5
2023-08-03 00:00:00.000 UTC,optimism,4,2,3,3
2023-08-04 00:00:00.000 UTC,arbitrum,3,2,2,2
2023-08-04 00:00:00.000 UTC,optimism,1,1,1,1
2023-08-05 00:00:00.000 UTC,arbitrum,2,1,1,2
2023-08-05 00:00:00.000 UTC,optimism,12,2,9,10
2023-08-06 00:00:00.000 UTC,arbitrum,1,1,1,1
2023-08-06 00:00:00.000 UTC,ethereum,2,1,2,2
2023-08-06 00:00:00.000 UTC,optimism,9,1,9,8
2023-08-07 00:00:00.000 UTC,arbitrum,3,2,1,3
2023-08-07 00:00:00.000 UTC,optimism,14,6,7,8
2023-08-08 00:00:00.000 UTC,arbitrum,6,4,3,6
2023-08-08 00:00:00.000 UTC,optimism,24,8,9,8
2023-08-09 00:00:00.000 UTC,arbitrum,5,2,2,4
2023-08-09 00:00:00.000 UTC,optimism,18,8,5,3
2023-08-10 00:00:00.000 UTC,arbitrum,4,2,2,3
2023-08-10 00:00:00.000 UTC,optimism,7,2,3,3
2023-08-11 00:00:00.000 UTC,arbitrum,8,5,3,3
2023-08-11 00:00:00.000 UTC,optimism,7,3,4,4
2023-08-12 00:00:00.000 UTC,optimism,39,5,7,3
2023-08-13 00:00:00.000 UTC,optimism,52,7,12,7
2023-08-14 00:00:00.000 UTC,arbitrum,4,1,1,2
2023-08-14 00:00:00.000 UTC,ethereum,1,1,1,1
2023-08-14 00:00:00.000 UTC,optimism,3,2,2,2
2023-08-15 00:00:00.000 UTC,arbitrum,1,1,1,1
2023-08-15 00:00:00.000 UTC,ethereum,1,1,1,1
2023-08-15 00:00:00.000 UTC,optimism,2,2,2,1
2023-08-16 00:00:00.000 UTC,optimism,1,1,1,1
2023-08-17 00:00:00.000 UTC,optimism,19,5,8,11
2023-08-18 00:00:00.000 UTC,arbitrum,2,1,1,2
2023-08-18 00:00:00.000 UTC,optimism,7,3,2,5
2023-08-19 00:00:00.000 UTC,arbitrum,1,1,1,1
2023-08-19 00:00:00.000 UTC,optimism,14,4,2,12
2023-08-20 00:00:00.000 UTC,optimism,17,3,3,16
2023-08-21 00:00:00.000 UTC,arbitrum,1,1,1,1
2023-08-21 00:00:00.000 UTC,optimism,16,2,2,16
2023-08-22 00:00:00.000 UTC,arbitrum,1,1,1,1
2023-08-22 00:00:00.000 UTC,ethereum,1,1,1,1
2023-08-22 00:00:00.000 UTC,optimism,9,1,1,9
2023-08-23 00:00:00.000 UTC,optimism,8,3,3,8
2023-08-24 00:00:00.000 UTC,arbitrum,1,1,1,1
2023-08-24 00:00:00.000 UTC,optimism,27,2,2,16
2023-08-25 00:00:00.000 UTC,arbitrum,1,1,1,1
2023-08-25 00:00:00.000 UTC,optimism,9,2,3,8
2023-08-26 00:00:00.000 UTC,ethereum,1,1,1,1
2023-08-26 00:00:00.000 UTC,optimism,5,1,1,5
2023-08-27 00:00:00.000 UTC,optimism,17,1,1,17
2023-08-28 00:00:00.000 UTC,arbitrum,4,1,2,2
2023-08-28 00:00:00.000 UTC,optimism,11,1,1,10
2023-08-29 00:00:00.000 UTC,arbitrum,12,1,1,2
2023-08-29 00:00:00.000 UTC,optimism,26,4,3,19
2023-08-30 00:00:00.000 UTC,arbitrum,9,4,2,3
2023-08-30 00:00:00.000 UTC,optimism,11,6,7,8
2023-08-31 00:00:00.000 UTC,arbitrum,4,1,2,3
2023-08-31 00:00:00.000 UTC,ethereum,1,1,1,1
2023-08-31 00:00:00.000 UTC,optimism,4,3,3,3
2023-09-01 00:00:00.000 UTC,arbitrum,2,2,2,2
2023-09-01 00:00:00.000 UTC,optimism,7,4,5,6
2023-09-02 00:00:00.000 UTC,optimism,2,2,2,2
2023-09-04 00:00:00.000 UTC,arbitrum,39,2,2,20
2023-09-04 00:00:00.000 UTC,optimism,14,1,1,14
2023-09-05 00:00:00.000 UTC,arbitrum,40,2,2,36
2023-09-05 00:00:00.000 UTC,ethereum,1,1,1,1
2023-09-05 00:00:00.000 UTC,optimism,3,3,2,3
2023-09-06 00:00:00.000 UTC,arbitrum,22,4,2,16
2023-09-06 00:00:00.000 UTC,ethereum,1,1,1,1
2023-09-06 00:00:00.000 UTC,optimism,4,3,4,4
2023-09-07 00:00:00.000 UTC,arbitrum,17,2,2,13
2023-09-07 00:00:00.000 UTC,ethereum,1,1,1,1
2023-09-07 00:00:00.000 UTC,optimism,2,2,2,1
2023-09-08 00:00:00.000 UTC,arbitrum,10,2,2,7
2023-09-08 00:00:00.000 UTC,base,45,2,3,1
2023-09-08 00:00:00.000 UTC,optimism,3,2,2,1
2023-09-09 00:00:00.000 UTC,arbitrum,17,2,2,13
2023-09-09 00:00:00.000 UTC,ethereum,1,1,1,1
2023-09-09 00:00:00.000 UTC,optimism,1,1,1,1
2023-09-10 00:00:00.000 UTC,arbitrum,10,1,1,7
2023-09-10 00:00:00.000 UTC,optimism,2,1,2,2
2023-09-11 00:00:00.000 UTC,arbitrum,12,3,3,8
2023-09-11 00:00:00.000 UTC,base,11,3,2,9
2023-09-11 00:00:00.000 UTC,ethereum,5,4,4,5
2023-09-11 00:00:00.000 UTC,optimism,4,3,3,3
2023-09-12 00:00:00.000 UTC,arbitrum,5,1,2,5
2023-09-12 00:00:00.000 UTC,base,8,2,2,8
2023-09-12 00:00:00.000 UTC,ethereum,1,1,1,1
2023-09-12 00:00:00.000 UTC,optimism,29,4,9,28
2023-09-13 00:00:00.000 UTC,arbitrum,1,1,1,1
2023-09-13 00:00:00.000 UTC,base,41,3,4,39
2023-09-13 00:00:00.000 UTC,ethereum,3,2,2,3
2023-09-13 00:00:00.000 UTC,optimism,17,3,9,17
2023-09-14 00:00:00.000 UTC,arbitrum,4,2,2,3
2023-09-14 00:00:00.000 UTC,base,11,1,1,11
2023-09-14 00:00:00.000 UTC,ethereum,1,1,1,1
2023-09-14 00:00:00.000 UTC,optimism,6,3,5,5
2023-09-15 00:00:00.000 UTC,arbitrum,1,1,1,1
2023-09-15 00:00:00.000 UTC,base,34,2,4,29
2023-09-15 00:00:00.000 UTC,ethereum,2,2,2,2
2023-09-15 00:00:00.000 UTC,optimism,6,2,4,4
2023-09-16 00:00:00.000 UTC,arbitrum,2,1,1,2
2023-09-16 00:00:00.000 UTC,base,9,3,5,5
2023-09-16 00:00:00.000 UTC,ethereum,1,1,1,1
2023-09-16 00:00:00.000 UTC,optimism,4,3,2,4
2023-09-17 00:00:00.000 UTC,base,1,1,1,1
2023-09-17 00:00:00.000 UTC,ethereum,3,1,1,1
2023-09-17 00:00:00.000 UTC,optimism,8,5,6,5
2023-09-18 00:00:00.000 UTC,arbitrum,1,1,1,1
2023-09-18 00:00:00.000 UTC,base,6,1,1,6
2023-09-18 00:00:00.000 UTC,optimism,3,2,3,3
2023-09-19 00:00:00.000 UTC,arbitrum,4,2,2,4
2023-09-19 00:00:00.000 UTC,base,37,4,3,33
2023-09-19 00:00:00.000 UTC,ethereum,2,1,1,2
2023-09-19 00:00:00.000 UTC,optimism,441,3,380,379
2023-09-20 00:00:00.000 UTC,arbitrum,10,5,2,3
2023-09-20 00:00:00.000 UTC,base,29,2,2,29
2023-09-20 00:00:00.000 UTC,optimism,645,4,561,562
2023-09-21 00:00:00.000 UTC,base,2,1,1,2
2023-09-21 00:00:00.000 UTC,optimism,357,5,260,263
2023-09-22 00:00:00.000 UTC,arbitrum,6,3,3,3
2023-09-22 00:00:00.000 UTC,optimism,251,5,192,197
2023-09-23 00:00:00.000 UTC,arbitrum,1,1,1,1
2023-09-23 00:00:00.000 UTC,optimism,181,3,158,158
2023-09-24 00:00:00.000 UTC,arbitrum,2,2,2,2
2023-09-24 00:00:00.000 UTC,base,1,1,1,1
2023-09-24 00:00:00.000 UTC,optimism,116,2,103,103
2023-09-25 00:00:00.000 UTC,arbitrum,4,2,2,2
2023-09-25 00:00:00.000 UTC,base,1,1,1,1
2023-09-25 00:00:00.000 UTC,ethereum,1,1,1,1
2023-09-25 00:00:00.000 UTC,optimism,179,7,124,157
2023-09-26 00:00:00.000 UTC,optimism,154,6,130,131
2023-09-27 00:00:00.000 UTC,arbitrum,1,1,1,1
2023-09-27 00:00:00.000 UTC,base,2,1,2,2
2023-09-27 00:00:00.000 UTC,optimism,226,8,188,190
2023-09-28 00:00:00.000 UTC,optimism,191,5,173,175
2023-09-29 00:00:00.000 UTC,arbitrum,2,1,2,2
2023-09-29 00:00:00.000 UTC,base,12,2,2,12
2023-09-29 00:00:00.000 UTC,ethereum,1,1,1,1
2023-09-29 00:00:00.000 UTC,optimism,135,5,123,124
2023-09-30 00:00:00.000 UTC,ethereum,1,1,1,1
2023-09-30 00:00:00.000 UTC,optimism,96,4,88,89
2023-10-01 00:00:00.000 UTC,arbitrum,4,3,2,2
2023-10-01 00:00:00.000 UTC,base,3,3,1,2
2023-10-01 00:00:00.000 UTC,optimism,96,8,78,79
2023-10-02 00:00:00.000 UTC,arbitrum,1,1,1,1
2023-10-02 00:00:00.000 UTC,base,3,2,1,1
2023-10-02 00:00:00.000 UTC,optimism,158,11,103,113
2023-10-03 00:00:00.000 UTC,base,4,4,3,2
2023-10-03 00:00:00.000 UTC,optimism,201,13,103,157
2023-10-04 00:00:00.000 UTC,arbitrum,3,2,2,2
2023-10-04 00:00:00.000 UTC,base,6,5,2,2
2023-10-04 00:00:00.000 UTC,ethereum,2,1,1,1
2023-10-04 00:00:00.000 UTC,optimism,631,11,187,281
2023-10-05 00:00:00.000 UTC,arbitrum,2,1,1,1
2023-10-05 00:00:00.000 UTC,base,2,2,2,2
2023-10-05 00:00:00.000 UTC,ethereum,1,1,1,1
2023-10-05 00:00:00.000 UTC,optimism,1758,16,161,338
2023-10-06 00:00:00.000 UTC,base,7,4,2,4
2023-10-06 00:00:00.000 UTC,optimism,676,18,81,148
2023-10-07 00:00:00.000 UTC,arbitrum,2,1,1,1
2023-10-07 00:00:00.000 UTC,base,4,2,2,2
2023-10-07 00:00:00.000 UTC,optimism,231,13,95,106
2023-10-08 00:00:00.000 UTC,arbitrum,1,1,1,1
2023-10-08 00:00:00.000 UTC,base,3,2,2,2
2023-10-08 00:00:00.000 UTC,optimism,198,11,85,107
2023-10-09 00:00:00.000 UTC,arbitrum,12,2,2,7
2023-10-09 00:00:00.000 UTC,base,3,3,2,1
2023-10-09 00:00:00.000 UTC,optimism,120,12,88,90
2023-10-10 00:00:00.000 UTC,arbitrum,5,1,1,3
2023-10-10 00:00:00.000 UTC,base,1,1,1,1
2023-10-10 00:00:00.000 UTC,optimism,177,12,128,134
2023-10-11 00:00:00.000 UTC,base,1,1,1,1
2023-10-11 00:00:00.000 UTC,optimism,311,10,250,262
2023-10-12 00:00:00.000 UTC,base,2,2,1,1
2023-10-12 00:00:00.000 UTC,optimism,259,12,203,211
2023-10-13 00:00:00.000 UTC,arbitrum,2,1,1,1
2023-10-13 00:00:00.000 UTC,optimism,139,4,107,112
2023-10-14 00:00:00.000 UTC,arbitrum,1,1,1,1
2023-10-14 00:00:00.000 UTC,base,2,1,1,2
2023-10-14 00:00:00.000 UTC,optimism,97,10,80,79
2023-10-15 00:00:00.000 UTC,base,4,4,2,2
2023-10-15 00:00:00.000 UTC,optimism,65,5,52,52
2023-10-16 00:00:00.000 UTC,base,7,4,3,5
2023-10-16 00:00:00.000 UTC,optimism,275,15,105,164
2023-10-17 00:00:00.000 UTC,arbitrum,1,1,1,1
2023-10-17 00:00:00.000 UTC,base,7,3,2,5
2023-10-17 00:00:00.000 UTC,optimism,365,11,91,122
2023-10-18 00:00:00.000 UTC,base,3,2,1,2
2023-10-18 00:00:00.000 UTC,optimism,620,14,346,370
2023-10-19 00:00:00.000 UTC,base,1,1,1,1
2023-10-19 00:00:00.000 UTC,optimism,2512,9,2160,2161
2023-10-20 00:00:00.000 UTC,arbitrum,2,2,1,1
2023-10-20 00:00:00.000 UTC,base,2,2,2,1
2023-10-20 00:00:00.000 UTC,optimism,1557,10,582,676
2023-10-21 00:00:00.000 UTC,arbitrum,6,2,2,3
2023-10-21 00:00:00.000 UTC,base,3,2,2,1
2023-10-21 00:00:00.000 UTC,optimism,911,8,305,367
2023-10-22 00:00:00.000 UTC,arbitrum,2,2,1,1
2023-10-22 00:00:00.000 UTC,base,3,3,2,1
2023-10-22 00:00:00.000 UTC,optimism,707,15,370,412
2023-10-23 00:00:00.000 UTC,arbitrum,2,2,1,2
2023-10-23 00:00:00.000 UTC,base,9,3,2,5
2023-10-23 00:00:00.000 UTC,optimism,744,15,487,482
2023-10-24 00:00:00.000 UTC,arbitrum,1,1,1,1
2023-10-24 00:00:00.000 UTC,base,9,3,2,6
2023-10-24 00:00:00.000 UTC,optimism,299,13,206,207
2023-10-25 00:00:00.000 UTC,arbitrum,4,4,4,4
2023-10-25 00:00:00.000 UTC,base,56,4,4,36
2023-10-25 00:00:00.000 UTC,optimism,89,17,30,31
2023-10-26 00:00:00.000 UTC,arbitrum,6,3,3,6
2023-10-26 00:00:00.000 UTC,base,27,2,1,18
2023-10-26 00:00:00.000 UTC,ethereum,2,2,2,1
2023-10-26 00:00:00.000 UTC,optimism,50,12,20,21
2023-10-27 00:00:00.000 UTC,arbitrum,1,1,1,1
2023-10-27 00:00:00.000 UTC,base,6,2,1,5
2023-10-27 00:00:00.000 UTC,ethereum,1,1,1,1
2023-10-27 00:00:00.000 UTC,optimism,46,8,22,22
2023-10-28 00:00:00.000 UTC,arbitrum,1,1,1,1
2023-10-28 00:00:00.000 UTC,base,3,3,3,2
2023-10-28 00:00:00.000 UTC,optimism,43,13,20,21
2023-10-29 00:00:00.000 UTC,arbitrum,3,1,2,1
2023-10-29 00:00:00.000 UTC,base,3,3,2,2
2023-10-29 00:00:00.000 UTC,ethereum,1,1,1,1
2023-10-29 00:00:00.000 UTC,optimism,50,10,12,14
2023-10-30 00:00:00.000 UTC,base,38,3,2,23
2023-10-30 00:00:00.000 UTC,ethereum,3,2,2,1
2023-10-30 00:00:00.000 UTC,optimism,54,15,20,18
2023-10-31 00:00:00.000 UTC,base,212,5,3,137
2023-10-31 00:00:00.000 UTC,optimism,38,13,12,16
2023-11-01 00:00:00.000 UTC,base,484,4,3,313
2023-11-01 00:00:00.000 UTC,optimism,42,10,17,19
2023-11-02 00:00:00.000 UTC,arbitrum,3,1,1,3
2023-11-02 00:00:00.000 UTC,base,1159,4,2,754
2023-11-02 00:00:00.000 UTC,optimism,71,12,24,29
2023-11-03 00:00:00.000 UTC,base,1233,4,3,803
2023-11-03 00:00:00.000 UTC,ethereum,2,2,1,1
2023-11-03 00:00:00.000 UTC,optimism,59,12,21,33
2023-11-04 00:00:00.000 UTC,arbitrum,4,2,1,1
2023-11-04 00:00:00.000 UTC,base,863,3,2,565
2023-11-04 00:00:00.000 UTC,optimism,66,14,17,19
2023-11-05 00:00:00.000 UTC,base,912,3,2,589
2023-11-05 00:00:00.000 UTC,optimism,33,14,18,17
2023-11-06 00:00:00.000 UTC,base,991,2,1,649
2023-11-06 00:00:00.000 UTC,optimism,28,5,22,22
2023-11-07 00:00:00.000 UTC,base,881,4,2,586
2023-11-07 00:00:00.000 UTC,optimism,39,15,22,19
2023-11-08 00:00:00.000 UTC,base,769,3,2,512
2023-11-08 00:00:00.000 UTC,optimism,28,12,16,14
2023-11-09 00:00:00.000 UTC,base,987,3,3,632
2023-11-09 00:00:00.000 UTC,optimism,58,17,26,25
2023-11-10 00:00:00.000 UTC,arbitrum,1,1,1,1
2023-11-10 00:00:00.000 UTC,base,1241,5,4,795
2023-11-10 00:00:00.000 UTC,optimism,65,17,33,32
2023-11-11 00:00:00.000 UTC,base,866,3,2,574
2023-11-11 00:00:00.000 UTC,optimism,34,8,15,14
2023-11-12 00:00:00.000 UTC,arbitrum,8,1,1,8
2023-11-12 00:00:00.000 UTC,base,825,2,1,528
2023-11-12 00:00:00.000 UTC,optimism,57,10,19,20
2023-11-13 00:00:00.000 UTC,arbitrum,14,3,3,14
2023-11-13 00:00:00.000 UTC,base,791,7,3,522
2023-11-13 00:00:00.000 UTC,optimism,67,13,31,31
2023-11-14 00:00:00.000 UTC,arbitrum,10,2,2,10
2023-11-14 00:00:00.000 UTC,base,764,5,3,506
2023-11-14 00:00:00.000 UTC,ethereum,1,1,1,1
2023-11-14 00:00:00.000 UTC,optimism,54,7,28,29
2023-11-15 00:00:00.000 UTC,base,791,4,2,522
2023-11-15 00:00:00.000 UTC,optimism,42,5,22,25
2023-11-16 00:00:00.000 UTC,base,716,2,1,471
2023-11-16 00:00:00.000 UTC,optimism,23,8,17,17
2023-11-17 00:00:00.000 UTC,arbitrum,1,1,1,1
2023-11-17 00:00:00.000 UTC,base,707,3,2,453
2023-11-17 00:00:00.000 UTC,optimism,627,8,22,611
2023-11-18 00:00:00.000 UTC,base,604,2,1,390
2023-11-18 00:00:00.000 UTC,optimism,14,5,13,13
2023-11-19 00:00:00.000 UTC,arbitrum,14,3,2,7
2023-11-19 00:00:00.000 UTC,base,646,2,1,427
2023-11-19 00:00:00.000 UTC,optimism,35,11,26,26
2023-11-20 00:00:00.000 UTC,base,758,2,1,504
2023-11-20 00:00:00.000 UTC,optimism,10,2,5,9
2023-11-21 00:00:00.000 UTC,base,926,4,2,616
2023-11-21 00:00:00.000 UTC,optimism,134,13,23,48
2023-11-22 00:00:00.000 UTC,base,1193,2,1,787
2023-11-22 00:00:00.000 UTC,optimism,56,9,17,38
2023-11-23 00:00:00.000 UTC,base,1113,3,2,738
2023-11-23 00:00:00.000 UTC,optimism,33,7,14,30
2023-11-24 00:00:00.000 UTC,base,864,3,2,580
2023-11-24 00:00:00.000 UTC,optimism,34,11,10,23
2023-11-25 00:00:00.000 UTC,base,786,2,1,522
2023-11-25 00:00:00.000 UTC,optimism,16,8,9,13
2023-11-26 00:00:00.000 UTC,arbitrum,15,1,1,14
2023-11-26 00:00:00.000 UTC,base,784,2,1,529
2023-11-26 00:00:00.000 UTC,optimism,28,4,10,19
2023-11-27 00:00:00.000 UTC,arbitrum,59,1,1,44
2023-11-27 00:00:00.000 UTC,base,813,2,1,539
2023-11-27 00:00:00.000 UTC,optimism,21,5,15,19
2023-11-28 00:00:00.000 UTC,arbitrum,1,1,1,1
2023-11-28 00:00:00.000 UTC,base,852,2,1,575
2023-11-28 00:00:00.000 UTC,optimism,24,5,14,19
2023-11-29 00:00:00.000 UTC,base,1031,2,1,681
2023-11-29 00:00:00.000 UTC,optimism,35,10,25,32
2023-11-30 00:00:00.000 UTC,arbitrum,5,3,2,4
2023-11-30 00:00:00.000 UTC,base,1038,4,4,676
2023-11-30 00:00:00.000 UTC,optimism,32,13,18,18
2023-12-01 00:00:00.000 UTC,base,1925,5,3,1325
2023-12-01 00:00:00.000 UTC,optimism,31,6,18,25
2023-12-02 00:00:00.000 UTC,base,4357,3,2,3080
2023-12-02 00:00:00.000 UTC,ethereum,1,1,1,1
2023-12-02 00:00:00.000 UTC,optimism,40,11,23,25
2023-12-03 00:00:00.000 UTC,arbitrum,1,1,1,1
2023-12-03 00:00:00.000 UTC,base,2989,4,3,2079
2023-12-03 00:00:00.000 UTC,optimism,38,4,16,17
2023-12-04 00:00:00.000 UTC,arbitrum,1,1,1,1
2023-12-04 00:00:00.000 UTC,base,3005,2,1,2112
2023-12-04 00:00:00.000 UTC,optimism,75,16,29,30
2023-12-04 00:00:00.000 UTC,scroll,47,2,2,2
2023-12-05 00:00:00.000 UTC,base,9058,2,1,6494
2023-12-05 00:00:00.000 UTC,optimism,49,14,21,27
2023-12-05 00:00:00.000 UTC,scroll,2,1,1,2
2023-12-06 00:00:00.000 UTC,arbitrum,3,2,2,3
2023-12-06 00:00:00.000 UTC,base,7056,5,4,5097
2023-12-06 00:00:00.000 UTC,optimism,99,14,19,77
2023-12-07 00:00:00.000 UTC,arbitrum,3,1,1,2
2023-12-07 00:00:00.000 UTC,base,9188,2,1,6716
2023-12-07 00:00:00.000 UTC,optimism,954,7,13,952
2023-12-08 00:00:00.000 UTC,base,2310,3,2,1611
2023-12-08 00:00:00.000 UTC,optimism,3192,6,21,3171
2023-12-08 00:00:00.000 UTC,scroll,1,1,1,1
2023-12-09 00:00:00.000 UTC,arbitrum,5,3,3,5
2023-12-09 00:00:00.000 UTC,base,968,2,1,644
2023-12-09 00:00:00.000 UTC,optimism,4437,3,13,4411
2023-12-10 00:00:00.000 UTC,arbitrum,47,4,4,47
2023-12-10 00:00:00.000 UTC,base,1119,3,2,742
2023-12-10 00:00:00.000 UTC,optimism,2743,5,9,2727
2023-12-11 00:00:00.000 UTC,arbitrum,262,3,3,259
2023-12-11 00:00:00.000 UTC,base,1012,2,1,671
2023-12-11 00:00:00.000 UTC,optimism,1365,7,12,1360
2023-12-12 00:00:00.000 UTC,arbitrum,205,2,2,205
2023-12-12 00:00:00.000 UTC,base,933,3,2,610
2023-12-12 00:00:00.000 UTC,optimism,100,6,11,98
2023-12-13 00:00:00.000 UTC,arbitrum,412,4,3,407
2023-12-13 00:00:00.000 UTC,base,994,2,1,659
2023-12-13 00:00:00.000 UTC,optimism,83,11,19,65
2023-12-14 00:00:00.000 UTC,arbitrum,1,1,1,1
2023-12-14 00:00:00.000 UTC,base,948,2,1,626
2023-12-14 00:00:00.000 UTC,optimism,2535,9,12,965
2023-12-15 00:00:00.000 UTC,base,677,3,2,460
2023-12-15 00:00:00.000 UTC,ethereum,1,1,1,1
2023-12-15 00:00:00.000 UTC,optimism,2470,15,17,758
2023-12-16 00:00:00.000 UTC,arbitrum,1,1,1,1
2023-12-16 00:00:00.000 UTC,base,831,2,1,560
2023-12-16 00:00:00.000 UTC,optimism,2142,8,8,748
2023-12-17 00:00:00.000 UTC,base,772,3,2,507
2023-12-17 00:00:00.000 UTC,ethereum,1,1,1,1
2023-12-17 00:00:00.000 UTC,optimism,2505,9,9,911
2023-12-18 00:00:00.000 UTC,arbitrum,11,9,6,7
2023-12-18 00:00:00.000 UTC,base,829,2,1,546
2023-12-18 00:00:00.000 UTC,optimism,2288,12,12,887
2023-12-19 00:00:00.000 UTC,arbitrum,2,2,2,2
2023-12-19 00:00:00.000 UTC,base,886,5,4,606
2023-12-19 00:00:00.000 UTC,optimism,2121,12,12,817
2023-12-19 00:00:00.000 UTC,polygon,46,1,1,1
2023-12-20 00:00:00.000 UTC,base,986,4,3,652
2023-12-20 00:00:00.000 UTC,optimism,1578,13,15,603
2023-12-21 00:00:00.000 UTC,base,979,2,1,677
2023-12-21 00:00:00.000 UTC,optimism,981,9,8,433
2023-12-21 00:00:00.000 UTC,polygon,1,1,1,1
2023-12-22 00:00:00.000 UTC,arbitrum,1,1,1,1
2023-12-22 00:00:00.000 UTC,base,18853,3,2,13815
2023-12-22 00:00:00.000 UTC,optimism,1195,12,24,468
2023-12-23 00:00:00.000 UTC,base,11674,3,2,8616
2023-12-23 00:00:00.000 UTC,optimism,1485,12,19,523
2023-12-24 00:00:00.000 UTC,base,8267,2,1,5952
2023-12-24 00:00:00.000 UTC,optimism,1199,9,13,472
2023-12-24 00:00:00.000 UTC,polygon,1,1,1,1
2023-12-25 00:00:00.000 UTC,base,7083,3,2,5029
2023-12-25 00:00:00.000 UTC,optimism,1859,16,13,543
2023-12-26 00:00:00.000 UTC,base,7157,2,1,5078
2023-12-26 00:00:00.000 UTC,optimism,3804,17,11,662
2023-12-27 00:00:00.000 UTC,base,7494,2,1,5349
2023-12-27 00:00:00.000 UTC,ethereum,1,1,1,1
2023-12-27 00:00:00.000 UTC,optimism,2487,25,17,569
2023-12-28 00:00:00.000 UTC,arbitrum,5,4,2,4
2023-12-28 00:00:00.000 UTC,base,7018,2,1,4952
2023-12-28 00:00:00.000 UTC,optimism,1751,20,11,608
2023-12-29 00:00:00.000 UTC,base,5794,3,2,4089
2023-12-29 00:00:00.000 UTC,optimism,1265,19,17,439
2023-12-29 00:00:00.000 UTC,polygon,1,1,1,1
2023-12-30 00:00:00.000 UTC,base,5684,2,1,3954
2023-12-30 00:00:00.000 UTC,optimism,771,22,12,277
2023-12-31 00:00:00.000 UTC,base,4883,2,1,3468
2023-12-31 00:00:00.000 UTC,optimism,822,20,9,238
2024-01-01 00:00:00.000 UTC,base,4926,2,1,3444
2024-01-01 00:00:00.000 UTC,optimism,595,20,9,201
2024-01-02 00:00:00.000 UTC,base,7903,2,1,5562
2024-01-02 00:00:00.000 UTC,optimism,908,20,11,499
2024-01-03 00:00:00.000 UTC,base,6491,2,1,4428
2024-01-03 00:00:00.000 UTC,optimism,1432,26,13,972
2024-01-04 00:00:00.000 UTC,base,3571,2,1,2414
2024-01-04 00:00:00.000 UTC,optimism,1412,25,14,873
2024-01-05 00:00:00.000 UTC,arbitrum,2,1,1,2
2024-01-05 00:00:00.000 UTC,base,1673,2,1,1102
2024-01-05 00:00:00.000 UTC,optimism,1057,24,13,650
2024-01-06 00:00:00.000 UTC,arbitrum,1,1,1,1
2024-01-06 00:00:00.000 UTC,base,1284,3,2,878
2024-01-06 00:00:00.000 UTC,optimism,912,18,10,651
2024-01-07 00:00:00.000 UTC,base,1210,2,1,837
2024-01-07 00:00:00.000 UTC,optimism,898,18,11,443
2024-01-08 00:00:00.000 UTC,arbitrum,40,2,2,38
2024-01-08 00:00:00.000 UTC,base,1583,4,2,1072
2024-01-08 00:00:00.000 UTC,optimism,1257,22,16,688
2024-01-09 00:00:00.000 UTC,arbitrum,13,3,3,13
2024-01-09 00:00:00.000 UTC,base,1147,2,1,785
2024-01-09 00:00:00.000 UTC,optimism,1430,19,14,807
2024-01-10 00:00:00.000 UTC,arbitrum,2,2,2,2
2024-01-10 00:00:00.000 UTC,base,597,3,2,408
2024-01-10 00:00:00.000 UTC,optimism,2218,19,12,1755
2024-01-11 00:00:00.000 UTC,arbitrum,2,2,2,2
2024-01-11 00:00:00.000 UTC,base,753,4,3,499
2024-01-11 00:00:00.000 UTC,optimism,2606,19,16,1698
2024-01-12 00:00:00.000 UTC,arbitrum,4,3,2,4
2024-01-12 00:00:00.000 UTC,base,582,3,2,402
2024-01-12 00:00:00.000 UTC,optimism,3166,21,24,1432
2024-01-13 00:00:00.000 UTC,arbitrum,192,4,3,189
2024-01-13 00:00:00.000 UTC,base,594,4,3,407
2024-01-13 00:00:00.000 UTC,optimism,3181,23,15,1351
2024-01-14 00:00:00.000 UTC,arbitrum,71,2,2,71
2024-01-14 00:00:00.000 UTC,base,633,2,1,424
2024-01-14 00:00:00.000 UTC,ethereum,2,1,1,1
2024-01-14 00:00:00.000 UTC,optimism,2462,18,9,1034
2024-01-15 00:00:00.000 UTC,arbitrum,136,3,2,107
2024-01-15 00:00:00.000 UTC,base,573,4,3,382
2024-01-15 00:00:00.000 UTC,optimism,2330,18,10,811
2024-01-16 00:00:00.000 UTC,arbitrum,110,4,4,75
2024-01-16 00:00:00.000 UTC,base,568,3,2,387
2024-01-16 00:00:00.000 UTC,optimism,3276,18,14,790
2024-01-17 00:00:00.000 UTC,arbitrum,31,1,1,19
2024-01-17 00:00:00.000 UTC,base,536,4,2,363
2024-01-17 00:00:00.000 UTC,optimism,1384,21,18,655
2024-01-18 00:00:00.000 UTC,arbitrum,45,4,4,31
2024-01-18 00:00:00.000 UTC,base,558,4,2,375
2024-01-18 00:00:00.000 UTC,ethereum,1,1,1,1
2024-01-18 00:00:00.000 UTC,optimism,866,30,13,442
2024-01-19 00:00:00.000 UTC,arbitrum,12,1,1,8
2024-01-19 00:00:00.000 UTC,base,510,3,2,349
2024-01-19 00:00:00.000 UTC,optimism,1010,33,21,605
2024-01-20 00:00:00.000 UTC,arbitrum,18,4,2,11
2024-01-20 00:00:00.000 UTC,base,566,3,2,364
2024-01-20 00:00:00.000 UTC,optimism,1325,18,11,895
2024-01-21 00:00:00.000 UTC,arbitrum,13,2,2,11
2024-01-21 00:00:00.000 UTC,base,544,2,1,360
2024-01-21 00:00:00.000 UTC,optimism,1094,31,13,847
2024-01-22 00:00:00.000 UTC,arbitrum,10,3,3,8
2024-01-22 00:00:00.000 UTC,base,573,4,3,391
2024-01-22 00:00:00.000 UTC,optimism,864,21,16,533
2024-01-23 00:00:00.000 UTC,arbitrum,7,1,1,6
2024-01-23 00:00:00.000 UTC,base,509,5,4,348
2024-01-23 00:00:00.000 UTC,optimism,719,19,12,570
2024-01-24 00:00:00.000 UTC,arbitrum,10,3,3,5
2024-01-24 00:00:00.000 UTC,base,469,4,3,318
2024-01-24 00:00:00.000 UTC,ethereum,1,1,1,1
2024-01-24 00:00:00.000 UTC,optimism,1207,29,56,817
2024-01-25 00:00:00.000 UTC,arbitrum,8,2,2,6
2024-01-25 00:00:00.000 UTC,base,402,6,7,269
2024-01-25 00:00:00.000 UTC,optimism,1052,28,11,722
2024-01-26 00:00:00.000 UTC,arbitrum,5,3,3,5
2024-01-26 00:00:00.000 UTC,base,507,9,4,324
2024-01-26 00:00:00.000 UTC,optimism,1164,33,15,695
2024-01-27 00:00:00.000 UTC,arbitrum,6,2,2,4
2024-01-27 00:00:00.000 UTC,base,501,8,5,337
2024-01-27 00:00:00.000 UTC,ethereum,1,1,1,1
2024-01-27 00:00:00.000 UTC,optimism,945,21,15,513
2024-01-28 00:00:00.000 UTC,arbitrum,2,1,1,2
2024-01-28 00:00:00.000 UTC,base,662,6,11,476
2024-01-28 00:00:00.000 UTC,optimism,1296,17,11,695
2024-01-29 00:00:00.000 UTC,arbitrum,6,2,2,6
2024-01-29 00:00:00.000 UTC,base,765,10,7,549
2024-01-29 00:00:00.000 UTC,optimism,1235,31,15,737
2024-01-30 00:00:00.000 UTC,arbitrum,1,1,1,1
2024-01-30 00:00:00.000 UTC,base,717,8,7,524
2024-01-30 00:00:00.000 UTC,optimism,1174,18,11,694
2024-01-31 00:00:00.000 UTC,arbitrum,11,2,2,3
2024-01-31 00:00:00.000 UTC,base,968,7,4,701
2024-01-31 00:00:00.000 UTC,optimism,1268,17,9,677
2024-02-01 00:00:00.000 UTC,arbitrum,6,3,2,2
2024-02-01 00:00:00.000 UTC,base,1030,6,5,740
2024-02-01 00:00:00.000 UTC,optimism,1227,18,10,679
2024-02-02 00:00:00.000 UTC,arbitrum,1,1,1,1
2024-02-02 00:00:00.000 UTC,base,964,5,4,674
2024-02-02 00:00:00.000 UTC,optimism,1765,38,17,680
2024-02-02 00:00:00.000 UTC,polygon,13,2,3,4
2024-02-03 00:00:00.000 UTC,arbitrum,4,2,2,3
2024-02-03 00:00:00.000 UTC,base,931,6,5,552
2024-02-03 00:00:00.000 UTC,optimism,1512,26,31,595
2024-02-04 00:00:00.000 UTC,arbitrum,2,1,1,2
2024-02-04 00:00:00.000 UTC,base,777,8,7,555
2024-02-04 00:00:00.000 UTC,optimism,2624,21,16,742
2024-02-05 00:00:00.000 UTC,arbitrum,4,2,2,3
2024-02-05 00:00:00.000 UTC,base,3250,6,2495,533
2024-02-05 00:00:00.000 UTC,optimism,2266,16,12,679
2024-02-05 00:00:00.000 UTC,polygon,3,3,3,3
2024-02-06 00:00:00.000 UTC,arbitrum,1,1,1,1
2024-02-06 00:00:00.000 UTC,base,2516,9,258,1691
2024-02-06 00:00:00.000 UTC,ethereum,4,1,1,1
2024-02-06 00:00:00.000 UTC,optimism,5201,20,16,1275
2024-02-07 00:00:00.000 UTC,arbitrum,4,2,2,3
2024-02-07 00:00:00.000 UTC,base,977,8,68,664
2024-02-07 00:00:00.000 UTC,optimism,7545,30,18,1050
2024-02-07 00:00:00.000 UTC,polygon,5,2,2,3
2024-02-08 00:00:00.000 UTC,arbitrum,2,1,1,2
2024-02-08 00:00:00.000 UTC,base,775,6,130,469
2024-02-08 00:00:00.000 UTC,optimism,566,16,18,439
2024-02-09 00:00:00.000 UTC,arbitrum,3,2,2,2
2024-02-09 00:00:00.000 UTC,base,572,4,5,389
2024-02-09 00:00:00.000 UTC,optimism,434,16,15,394
2024-02-10 00:00:00.000 UTC,arbitrum,2,1,1,2
2024-02-10 00:00:00.000 UTC,base,582,5,7,394
2024-02-10 00:00:00.000 UTC,optimism,560,17,16,388
2024-02-10 00:00:00.000 UTC,polygon,1,1,1,1
2024-02-10 00:00:00.000 UTC,scroll,1,1,1,1
2024-02-11 00:00:00.000 UTC,arbitrum,2,2,2,2
2024-02-11 00:00:00.000 UTC,base,555,4,5,385
2024-02-11 00:00:00.000 UTC,optimism,791,17,19,406
2024-02-12 00:00:00.000 UTC,arbitrum,5,1,1,3
2024-02-12 00:00:00.000 UTC,base,608,4,3,419
2024-02-12 00:00:00.000 UTC,optimism,1157,19,19,438
2024-02-13 00:00:00.000 UTC,base,623,7,6,397
2024-02-13 00:00:00.000 UTC,optimism,1076,16,19,483
2024-02-13 00:00:00.000 UTC,polygon,1,1,1,1
2024-02-14 00:00:00.000 UTC,arbitrum,1,1,1,1
2024-02-14 00:00:00.000 UTC,base,726,6,5,488
2024-02-14 00:00:00.000 UTC,optimism,703,19,21,470
2024-02-14 00:00:00.000 UTC,polygon,2,1,1,1
2024-02-15 00:00:00.000 UTC,arbitrum,7,4,3,5
2024-02-15 00:00:00.000 UTC,base,584,7,6,412
2024-02-15 00:00:00.000 UTC,optimism,657,17,21,319
2024-02-15 00:00:00.000 UTC,polygon,4,1,2,2
2024-02-16 00:00:00.000 UTC,arbitrum,4,1,1,2
2024-02-16 00:00:00.000 UTC,base,638,5,4,446
2024-02-16 00:00:00.000 UTC,optimism,876,14,18,500
2024-02-17 00:00:00.000 UTC,arbitrum,5,1,1,3
2024-02-17 00:00:00.000 UTC,base,650,5,4,453
2024-02-17 00:00:00.000 UTC,optimism,879,15,18,522
2024-02-18 00:00:00.000 UTC,base,707,4,3,492
2024-02-18 00:00:00.000 UTC,optimism,954,16,19,515
2024-02-19 00:00:00.000 UTC,base,715,5,4,497
2024-02-19 00:00:00.000 UTC,optimism,878,16,17,498
2024-02-19 00:00:00.000 UTC,polygon,4,2,1,1
2024-02-20 00:00:00.000 UTC,arbitrum,3,2,2,2
2024-02-20 00:00:00.000 UTC,base,685,6,5,478
2024-02-20 00:00:00.000 UTC,optimism,1159,16,191,681
2024-02-20 00:00:00.000 UTC,polygon,1,1,1,1
2024-02-21 00:00:00.000 UTC,arbitrum,4,3,3,3
2024-02-21 00:00:00.000 UTC,base,616,6,4,438
2024-02-21 00:00:00.000 UTC,optimism,644,19,116,508
2024-02-21 00:00:00.000 UTC,polygon,1,1,1,1
2024-02-22 00:00:00.000 UTC,arbitrum,3,2,2,3
2024-02-22 00:00:00.000 UTC,base,606,9,6,431
2024-02-22 00:00:00.000 UTC,optimism,603,18,51,375
2024-02-22 00:00:00.000 UTC,scroll,2,2,2,2
2024-02-23 00:00:00.000 UTC,arbitrum,3,2,2,3
2024-02-23 00:00:00.000 UTC,base,601,5,4,440
2024-02-23 00:00:00.000 UTC,optimism,892,18,29,449
2024-02-24 00:00:00.000 UTC,arbitrum,2,1,1,2
2024-02-24 00:00:00.000 UTC,base,618,5,4,460
2024-02-24 00:00:00.000 UTC,optimism,3116,18,27,1180
2024-02-25 00:00:00.000 UTC,arbitrum,3,2,2,2
2024-02-25 00:00:00.000 UTC,base,736,8,7,521
2024-02-25 00:00:00.000 UTC,optimism,3023,21,25,1174
2024-02-25 00:00:00.000 UTC,scroll,1,1,1,1
2024-02-26 00:00:00.000 UTC,arbitrum,4,3,3,3
2024-02-26 00:00:00.000 UTC,base,676,7,5,480
2024-02-26 00:00:00.000 UTC,optimism,1544,30,36,670
2024-02-26 00:00:00.000 UTC,scroll,1,1,1,1
2024-02-27 00:00:00.000 UTC,arbitrum,4,2,2,3
2024-02-27 00:00:00.000 UTC,base,869,9,5,609
2024-02-27 00:00:00.000 UTC,optimism,1997,19,21,783
2024-02-28 00:00:00.000 UTC,arbitrum,1,1,1,1
2024-02-28 00:00:00.000 UTC,base,2731,8,5,849
2024-02-28 00:00:00.000 UTC,optimism,2965,20,22,1108
2024-02-29 00:00:00.000 UTC,arbitrum,3,3,3,2
2024-02-29 00:00:00.000 UTC,base,898,15,36,598
2024-02-29 00:00:00.000 UTC,optimism,403,18,20,283
2024-02-29 00:00:00.000 UTC,polygon,1,1,1,1
2024-03-01 00:00:00.000 UTC,arbitrum,2,1,1,1
2024-03-01 00:00:00.000 UTC,base,1438,24,78,778
2024-03-01 00:00:00.000 UTC,optimism,418,18,21,295
2024-03-02 00:00:00.000 UTC,arbitrum,6,2,2,4
2024-03-02 00:00:00.000 UTC,base,824,16,55,531
2024-03-02 00:00:00.000 UTC,optimism,1026,16,17,509
2024-03-03 00:00:00.000 UTC,arbitrum,88,3,2,87
2024-03-03 00:00:00.000 UTC,base,806,14,35,533
2024-03-03 00:00:00.000 UTC,optimism,130,8,18,127
2024-03-04 00:00:00.000 UTC,arbitrum,108,3,2,108
2024-03-04 00:00:00.000 UTC,base,804,8,6,533
2024-03-04 00:00:00.000 UTC,optimism,42,5,11,40
2024-03-05 00:00:00.000 UTC,arbitrum,98,3,2,95
2024-03-05 00:00:00.000 UTC,base,896,7,5,612
2024-03-05 00:00:00.000 UTC,optimism,39,7,8,33
2024-03-06 00:00:00.000 UTC,arbitrum,22,2,2,21
2024-03-06 00:00:00.000 UTC,base,988,8,6,670
2024-03-06 00:00:00.000 UTC,optimism,212,14,17,205
2024-03-07 00:00:00.000 UTC,arbitrum,12,1,1,12
2024-03-07 00:00:00.000 UTC,base,920,5,4,623
2024-03-07 00:00:00.000 UTC,optimism,209,9,17,204
2024-03-08 00:00:00.000 UTC,arbitrum,8,3,3,7
2024-03-08 00:00:00.000 UTC,base,878,4,3,586
2024-03-08 00:00:00.000 UTC,optimism,188,2,12,187
2024-03-09 00:00:00.000 UTC,arbitrum,9,4,4,8
2024-03-09 00:00:00.000 UTC,base,860,5,4,587
2024-03-09 00:00:00.000 UTC,optimism,241,5,19,241
2024-03-10 00:00:00.000 UTC,arbitrum,2,1,1,2
2024-03-10 00:00:00.000 UTC,base,750,4,3,515
2024-03-10 00:00:00.000 UTC,optimism,259,5,33,243
2024-03-11 00:00:00.000 UTC,base,973,6,5,648
2024-03-11 00:00:00.000 UTC,optimism,181,5,21,181
2024-03-11 00:00:00.000 UTC,polygon,3,1,1,1
2024-03-12 00:00:00.000 UTC,arbitrum,3,3,2,3
2024-03-12 00:00:00.000 UTC,base,939,6,4,626
2024-03-12 00:00:00.000 UTC,optimism,286,5,15,283
2024-03-12 00:00:00.000 UTC,polygon,5,2,2,2
2024-03-13 00:00:00.000 UTC,arbitrum,1,1,1,1
2024-03-13 00:00:00.000 UTC,base,985,5,4,653
2024-03-13 00:00:00.000 UTC,optimism,240,4,14,235
2024-03-14 00:00:00.000 UTC,arbitrum,2,2,2,2
2024-03-14 00:00:00.000 UTC,base,960,9,7,647
2024-03-14 00:00:00.000 UTC,optimism,224,6,18,224
2024-03-15 00:00:00.000 UTC,arbitrum,1,1,1,1
2024-03-15 00:00:00.000 UTC,base,884,7,6,566
2024-03-15 00:00:00.000 UTC,optimism,254,5,17,252
2024-03-16 00:00:00.000 UTC,base,832,5,4,549
2024-03-16 00:00:00.000 UTC,optimism,290,6,18,286
2024-03-17 00:00:00.000 UTC,base,844,4,3,564
2024-03-17 00:00:00.000 UTC,optimism,284,4,19,283
2024-03-18 00:00:00.000 UTC,arbitrum,6,3,3,3
2024-03-18 00:00:00.000 UTC,base,868,7,7,566
2024-03-18 00:00:00.000 UTC,optimism,260,5,18,258
2024-03-18 00:00:00.000 UTC,polygon,5,1,1,1
2024-03-19 00:00:00.000 UTC,base,749,6,5,492
2024-03-19 00:00:00.000 UTC,optimism,222,7,20,219
2024-03-19 00:00:00.000 UTC,polygon,4,3,4,4
2024-03-20 00:00:00.000 UTC,base,883,8,12,556
2024-03-20 00:00:00.000 UTC,celo,46,1,1,1
2024-03-20 00:00:00.000 UTC,optimism,262,7,21,258
2024-03-20 00:00:00.000 UTC,polygon,1,1,1,1
2024-03-21 00:00:00.000 UTC,arbitrum,4,2,2,4
2024-03-21 00:00:00.000 UTC,base,760,6,6,491
2024-03-21 00:00:00.000 UTC,optimism,267,4,21,267
2024-03-21 00:00:00.000 UTC,polygon,4,2,3,2
2024-03-22 00:00:00.000 UTC,base,731,7,7,488
2024-03-22 00:00:00.000 UTC,optimism,264,5,17,263
2024-03-23 00:00:00.000 UTC,base,694,5,5,474
2024-03-23 00:00:00.000 UTC,optimism,264,3,18,263
2024-03-24 00:00:00.000 UTC,base,807,5,5,525
2024-03-24 00:00:00.000 UTC,optimism,294,6,19,284
2024-03-25 00:00:00.000 UTC,base,840,5,4,562
2024-03-25 00:00:00.000 UTC,optimism,229,7,19,223
2024-03-26 00:00:00.000 UTC,arbitrum,3,2,2,3
2024-03-26 00:00:00.000 UTC,base,881,8,7,579
2024-03-26 00:00:00.000 UTC,optimism,309,7,21,308
2024-03-27 00:00:00.000 UTC,arbitrum,3,3,3,3
2024-03-27 00:00:00.000 UTC,base,864,7,4,561
2024-03-27 00:00:00.000 UTC,optimism,292,10,22,287
2024-03-28 00:00:00.000 UTC,arbitrum,32,1,1,31
2024-03-28 00:00:00.000 UTC,base,828,7,11,545
2024-03-28 00:00:00.000 UTC,optimism,354,7,17,354
2024-03-29 00:00:00.000 UTC,arbitrum,25,2,2,24
2024-03-29 00:00:00.000 UTC,base,834,6,9,562
2024-03-29 00:00:00.000 UTC,ethereum,1,1,1,1
2024-03-29 00:00:00.000 UTC,optimism,481,8,17,468
2024-03-30 00:00:00.000 UTC,arbitrum,8,2,2,7
2024-03-30 00:00:00.000 UTC,base,730,4,4,489
2024-03-30 00:00:00.000 UTC,optimism,393,8,21,390
2024-03-31 00:00:00.000 UTC,arbitrum,8,2,2,8
2024-03-31 00:00:00.000 UTC,base,943,3,2,625
2024-03-31 00:00:00.000 UTC,optimism,388,4,16,388
2024-04-01 00:00:00.000 UTC,arbitrum,7,4,3,7
2024-04-01 00:00:00.000 UTC,base,1152,8,9,756
2024-04-01 00:00:00.000 UTC,ethereum,1,1,1,1
2024-04-01 00:00:00.000 UTC,optimism,311,12,23,308
2024-04-01 00:00:00.000 UTC,scroll,1,1,1,1
2024-04-02 00:00:00.000 UTC,arbitrum,10,3,2,10
2024-04-02 00:00:00.000 UTC,base,975,7,10,652
2024-04-02 00:00:00.000 UTC,optimism,347,7,19,347
2024-04-03 00:00:00.000 UTC,arbitrum,9,3,3,9
2024-04-03 00:00:00.000 UTC,base,1022,6,10,682
2024-04-03 00:00:00.000 UTC,optimism,282,16,21,274
2024-04-04 00:00:00.000 UTC,arbitrum,7,5,4,7
2024-04-04 00:00:00.000 UTC,base,1042,10,8,690
2024-04-04 00:00:00.000 UTC,celo,1,1,1,1
2024-04-04 00:00:00.000 UTC,optimism,315,9,18,309
2024-04-04 00:00:00.000 UTC,scroll,1,1,1,1
2024-04-05 00:00:00.000 UTC,arbitrum,19,3,2,11
2024-04-05 00:00:00.000 UTC,base,1019,5,4,662
2024-04-05 00:00:00.000 UTC,ethereum,1,1,1,1
2024-04-05 00:00:00.000 UTC,optimism,408,13,21,404
2024-04-05 00:00:00.000 UTC,scroll,1,1,1,1
2024-04-06 00:00:00.000 UTC,arbitrum,23,4,4,10
2024-04-06 00:00:00.000 UTC,base,828,4,3,544
2024-04-06 00:00:00.000 UTC,optimism,510,7,17,493
2024-04-06 00:00:00.000 UTC,scroll,23,3,1,18
2024-04-07 00:00:00.000 UTC,arbitrum,3,1,1,3
2024-04-07 00:00:00.000 UTC,base,892,4,7,594
2024-04-07 00:00:00.000 UTC,ethereum,1,1,1,1
2024-04-07 00:00:00.000 UTC,optimism,374,3,15,372
2024-04-07 00:00:00.000 UTC,scroll,1,1,1,1
2024-04-08 00:00:00.000 UTC,arbitrum,13,7,6,5
2024-04-08 00:00:00.000 UTC,base,1123,6,4,747
2024-04-08 00:00:00.000 UTC,optimism,463,12,22,458
2024-04-08 00:00:00.000 UTC,scroll,1,1,1,1
2024-04-09 00:00:00.000 UTC,arbitrum,2,2,2,2
2024-04-09 00:00:00.000 UTC,base,937,4,3,636
2024-04-09 00:00:00.000 UTC,optimism,543,7,20,539
2024-04-10 00:00:00.000 UTC,arbitrum,18,1,1,15
2024-04-10 00:00:00.000 UTC,base,1040,6,4,685
2024-04-10 00:00:00.000 UTC,optimism,441,16,21,430
2024-04-11 00:00:00.000 UTC,arbitrum,97,5,5,29
2024-04-11 00:00:00.000 UTC,base,1013,8,4,671
2024-04-11 00:00:00.000 UTC,optimism,502,21,28,477
2024-04-11 00:00:00.000 UTC,polygon,5,1,1,1
2024-04-11 00:00:00.000 UTC,scroll,2,2,2,2
2024-04-12 00:00:00.000 UTC,arbitrum,10,4,3,8
2024-04-12 00:00:00.000 UTC,base,838,6,4,549
2024-04-12 00:00:00.000 UTC,optimism,470,9,21,452
2024-04-12 00:00:00.000 UTC,polygon,1,1,1,1
2024-04-13 00:00:00.000 UTC,arbitrum,4,1,1,3
2024-04-13 00:00:00.000 UTC,base,809,3,2,554
2024-04-13 00:00:00.000 UTC,optimism,449,8,17,448
2024-04-14 00:00:00.000 UTC,arbitrum,3,1,1,2
2024-04-14 00:00:00.000 UTC,base,768,7,5,520
2024-04-14 00:00:00.000 UTC,optimism,419,5,15,418
2024-04-15 00:00:00.000 UTC,arbitrum,5,3,3,4
2024-04-15 00:00:00.000 UTC,base,1546,7,5,1039
2024-04-15 00:00:00.000 UTC,optimism,288,14,26,282
2024-04-16 00:00:00.000 UTC,arbitrum,65,6,6,8
2024-04-16 00:00:00.000 UTC,base,1458,5,3,968
2024-04-16 00:00:00.000 UTC,optimism,72,13,23,62
2024-04-17 00:00:00.000 UTC,arbitrum,166,7,6,6
2024-04-17 00:00:00.000 UTC,base,1400,7,8,938
2024-04-17 00:00:00.000 UTC,optimism,73,10,16,66
2024-04-17 00:00:00.000 UTC,polygon,3,1,1,1
2024-04-17 00:00:00.000 UTC,scroll,2,1,1,1
2024-04-18 00:00:00.000 UTC,arbitrum,7,4,4,6
2024-04-18 00:00:00.000 UTC,base,1226,8,7,828
2024-04-18 00:00:00.000 UTC,optimism,61,11,21,58
2024-04-19 00:00:00.000 UTC,arbitrum,3,3,3,3
2024-04-19 00:00:00.000 UTC,base,1433,8,4,951
2024-04-19 00:00:00.000 UTC,optimism,81,14,24,61
2024-04-19 00:00:00.000 UTC,polygon,9,1,1,1
2024-04-20 00:00:00.000 UTC,base,1187,8,4,806
2024-04-20 00:00:00.000 UTC,optimism,37,10,16,35
2024-04-21 00:00:00.000 UTC,arbitrum,4,2,2,2
2024-04-21 00:00:00.000 UTC,base,1285,7,5,854
2024-04-21 00:00:00.000 UTC,ethereum,1,1,1,1
2024-04-21 00:00:00.000 UTC,optimism,40,7,13,38
2024-04-21 00:00:00.000 UTC,scroll,1,1,1,1
2024-04-22 00:00:00.000 UTC,arbitrum,7,3,3,6
2024-04-22 00:00:00.000 UTC,base,1381,8,14,904
2024-04-22 00:00:00.000 UTC,optimism,328,18,25,95
2024-04-22 00:00:00.000 UTC,polygon,1,1,1,1
2024-04-23 00:00:00.000 UTC,arbitrum,58,6,6,42
2024-04-23 00:00:00.000 UTC,base,4228,8,4,3220
2024-04-23 00:00:00.000 UTC,celo,3,2,1,3
2024-04-23 00:00:00.000 UTC,optimism,111,14,15,56
2024-04-24 00:00:00.000 UTC,arbitrum,25,3,3,12
2024-04-24 00:00:00.000 UTC,base,5052,7,9,4007
2024-04-24 00:00:00.000 UTC,optimism,73,14,23,63
2024-04-25 00:00:00.000 UTC,arbitrum,33,3,3,19
2024-04-25 00:00:00.000 UTC,base,3701,11,10,2947
2024-04-25 00:00:00.000 UTC,ethereum,2,2,2,2
2024-04-25 00:00:00.000 UTC,optimism,66,11,12,64
2024-04-26 00:00:00.000 UTC,arbitrum,32,4,4,13
2024-04-26 00:00:00.000 UTC,base,2950,12,10,2341
2024-04-26 00:00:00.000 UTC,celo,11,1,1,11
2024-04-26 00:00:00.000 UTC,optimism,133,13,21,117
2024-04-26 00:00:00.000 UTC,polygon,7,1,1,2
2024-04-27 00:00:00.000 UTC,arbitrum,25,3,3,14
2024-04-27 00:00:00.000 UTC,base,2164,6,4,1719
2024-04-27 00:00:00.000 UTC,ethereum,1,1,1,1
2024-04-27 00:00:00.000 UTC,optimism,46,6,10,42
2024-04-27 00:00:00.000 UTC,scroll,2,2,1,2
2024-04-28 00:00:00.000 UTC,arbitrum,9,3,3,7
2024-04-28 00:00:00.000 UTC,base,2512,8,5,1979
2024-04-28 00:00:00.000 UTC,celo,1,1,1,1
2024-04-28 00:00:00.000 UTC,optimism,82,14,17,49
2024-04-28 00:00:00.000 UTC,polygon,2,1,1,2
2024-04-28 00:00:00.000 UTC,scroll,1,1,1,1
2024-04-29 00:00:00.000 UTC,arbitrum,9,3,3,7
2024-04-29 00:00:00.000 UTC,base,4687,12,11,2487
2024-04-29 00:00:00.000 UTC,optimism,8405,16,26,1828
2024-04-29 00:00:00.000 UTC,scroll,1,1,1,1
2024-04-30 00:00:00.000 UTC,arbitrum,13,4,4,10
2024-04-30 00:00:00.000 UTC,base,4153,13,9,2632
2024-04-30 00:00:00.000 UTC,optimism,505,15,24,157
2024-05-01 00:00:00.000 UTC,arbitrum,14,4,5,9
2024-05-01 00:00:00.000 UTC,base,5161,12,10,3158
2024-05-01 00:00:00.000 UTC,optimism,105,14,22,64
2024-05-02 00:00:00.000 UTC,arbitrum,5,3,3,5
2024-05-02 00:00:00.000 UTC,base,4266,12,15,2786
2024-05-02 00:00:00.000 UTC,celo,1,1,1,1
2024-05-02 00:00:00.000 UTC,optimism,89,15,19,65
2024-05-03 00:00:00.000 UTC,arbitrum,10,5,7,10
2024-05-03 00:00:00.000 UTC,base,1920,12,8,1431
2024-05-03 00:00:00.000 UTC,optimism,127,15,19,104
2024-05-04 00:00:00.000 UTC,arbitrum,15,5,6,13
2024-05-04 00:00:00.000 UTC,base,1738,11,7,1249
2024-05-04 00:00:00.000 UTC,optimism,115,13,13,64
2024-05-04 00:00:00.000 UTC,scroll,2,2,2,2
2024-05-05 00:00:00.000 UTC,arbitrum,21,3,3,10
2024-05-05 00:00:00.000 UTC,base,1677,7,4,1220
2024-05-05 00:00:00.000 UTC,celo,1,1,1,1
2024-05-05 00:00:00.000 UTC,ethereum,4,2,2,1
2024-05-05 00:00:00.000 UTC,optimism,69,11,16,46
2024-05-06 00:00:00.000 UTC,arbitrum,41,5,6,19
2024-05-06 00:00:00.000 UTC,base,1796,6,3,1328
2024-05-06 00:00:00.000 UTC,optimism,50,11,16,43
2024-05-07 00:00:00.000 UTC,arbitrum,75,3,3,23
2024-05-07 00:00:00.000 UTC,base,1809,8,5,1409
2024-05-07 00:00:00.000 UTC,optimism,85,19,21,76
2024-05-08 00:00:00.000 UTC,arbitrum,1,1,1,1
2024-05-08 00:00:00.000 UTC,base,1759,8,6,1378
2024-05-08 00:00:00.000 UTC,optimism,65,10,15,64
2024-05-09 00:00:00.000 UTC,arbitrum,10,2,3,3
2024-05-09 00:00:00.000 UTC,base,1623,4,3,1296
2024-05-09 00:00:00.000 UTC,optimism,478,16,21,135
2024-05-10 00:00:00.000 UTC,arbitrum,12,4,5,7
2024-05-10 00:00:00.000 UTC,base,1235,8,5,869
2024-05-10 00:00:00.000 UTC,optimism,117,15,18,112
2024-05-11 00:00:00.000 UTC,base,1199,5,3,829
2024-05-11 00:00:00.000 UTC,ethereum,22,1,1,1
2024-05-11 00:00:00.000 UTC,optimism,58,14,19,43
2024-05-12 00:00:00.000 UTC,arbitrum,5,3,3,4
2024-05-12 00:00:00.000 UTC,base,1373,6,3,1059
2024-05-12 00:00:00.000 UTC,celo,9,1,4,2
2024-05-12 00:00:00.000 UTC,ethereum,25,1,1,1
2024-05-12 00:00:00.000 UTC,optimism,80,9,17,70
2024-05-13 00:00:00.000 UTC,arbitrum,6,1,1,3
2024-05-13 00:00:00.000 UTC,base,1343,7,5,995
2024-05-13 00:00:00.000 UTC,celo,5,3,4,3
2024-05-13 00:00:00.000 UTC,optimism,237,17,21,135
2024-05-14 00:00:00.000 UTC,arbitrum,14,3,4,5
2024-05-14 00:00:00.000 UTC,base,1180,11,12,880
2024-05-14 00:00:00.000 UTC,celo,2,2,2,1
2024-05-14 00:00:00.000 UTC,optimism,67,16,21,41
2024-05-14 00:00:00.000 UTC,polygon,1,1,1,1
2024-05-15 00:00:00.000 UTC,arbitrum,5,2,2,1
2024-05-15 00:00:00.000 UTC,base,1281,11,8,913
2024-05-15 00:00:00.000 UTC,celo,7,2,3,3
2024-05-15 00:00:00.000 UTC,optimism,57,12,16,49
2024-05-15 00:00:00.000 UTC,polygon,4,2,4,2
2024-05-16 00:00:00.000 UTC,arbitrum,10,5,6,6
2024-05-16 00:00:00.000 UTC,base,1026,5,4,727
2024-05-16 00:00:00.000 UTC,optimism,76,16,20,46
2024-05-17 00:00:00.000 UTC,arbitrum,10,2,3,5
2024-05-17 00:00:00.000 UTC,base,1037,10,8,730
2024-05-17 00:00:00.000 UTC,celo,3,1,1,3
2024-05-17 00:00:00.000 UTC,optimism,55,12,17,45
2024-05-17 00:00:00.000 UTC,polygon,7,1,1,6
2024-05-18 00:00:00.000 UTC,base,1027,8,8,724
2024-05-18 00:00:00.000 UTC,optimism,25,10,10,22
2024-05-18 00:00:00.000 UTC,polygon,11,1,1,9
2024-05-19 00:00:00.000 UTC,arbitrum,2,1,1,2
2024-05-19 00:00:00.000 UTC,base,1018,4,5,717
2024-05-19 00:00:00.000 UTC,optimism,28,6,10,28
2024-05-20 00:00:00.000 UTC,arbitrum,2,2,2,2
2024-05-20 00:00:00.000 UTC,base,1151,4,3,823
2024-05-20 00:00:00.000 UTC,optimism,24,8,10,22
2024-05-20 00:00:00.000 UTC,polygon,6,1,1,6
2024-05-21 00:00:00.000 UTC,arbitrum,7,3,4,3
2024-05-21 00:00:00.000 UTC,base,1255,6,3,920
2024-05-21 00:00:00.000 UTC,celo,1,1,1,1
2024-05-21 00:00:00.000 UTC,optimism,49,13,15,37
2024-05-21 00:00:00.000 UTC,polygon,21,1,1,21
2024-05-22 00:00:00.000 UTC,arbitrum,12,4,4,9
2024-05-22 00:00:00.000 UTC,base,1449,5,2,1091
2024-05-22 00:00:00.000 UTC,optimism,120,13,37,59
2024-05-22 00:00:00.000 UTC,polygon,8,1,1,8
2024-05-23 00:00:00.000 UTC,arbitrum,5,5,5,5
2024-05-23 00:00:00.000 UTC,base,1532,6,4,1146
2024-05-23 00:00:00.000 UTC,optimism,199,13,17,37
2024-05-23 00:00:00.000 UTC,polygon,10,1,1,10
2024-05-24 00:00:00.000 UTC,arbitrum,4,2,2,3
2024-05-24 00:00:00.000 UTC,base,1411,8,5,996
2024-05-24 00:00:00.000 UTC,optimism,244,13,23,42
2024-05-24 00:00:00.000 UTC,polygon,18,1,1,18
2024-05-24 00:00:00.000 UTC,scroll,3,1,1,1
2024-05-25 00:00:00.000 UTC,arbitrum,1,1,1,1
2024-05-25 00:00:00.000 UTC,base,1166,5,5,869
2024-05-25 00:00:00.000 UTC,optimism,123,11,17,30
2024-05-25 00:00:00.000 UTC,polygon,8,1,1,8
2024-05-26 00:00:00.000 UTC,base,1199,9,6,845
2024-05-26 00:00:00.000 UTC,celo,1,1,1,1
2024-05-26 00:00:00.000 UTC,optimism,50,8,13,33
2024-05-26 00:00:00.000 UTC,polygon,4,1,1,4
2024-05-27 00:00:00.000 UTC,arbitrum,2,2,2,2
2024-05-27 00:00:00.000 UTC,base,1196,7,5,851
2024-05-27 00:00:00.000 UTC,optimism,128,17,20,49
2024-05-27 00:00:00.000 UTC,polygon,9,1,1,9
2024-05-27 00:00:00.000 UTC,scroll,1,1,1,1
2024-05-28 00:00:00.000 UTC,arbitrum,14,4,6,8
2024-05-28 00:00:00.000 UTC,base,1158,7,3,838
2024-05-28 00:00:00.000 UTC,optimism,129,11,16,34
2024-05-28 00:00:00.000 UTC,polygon,7,1,1,7
2024-05-28 00:00:00.000 UTC,scroll,1,1,1,1
2024-05-29 00:00:00.000 UTC,arbitrum,7,4,4,4
2024-05-29 00:00:00.000 UTC,base,2171,7,3,1346
2024-05-29 00:00:00.000 UTC,optimism,190,15,34,57
2024-05-29 00:00:00.000 UTC,polygon,4,1,1,4
2024-05-29 00:00:00.000 UTC,scroll,2,2,2,2
2024-05-30 00:00:00.000 UTC,arbitrum,7,3,3,5
2024-05-30 00:00:00.000 UTC,base,2637,8,4,1970
2024-05-30 00:00:00.000 UTC,celo,4,2,2,2
2024-05-30 00:00:00.000 UTC,ethereum,2,2,2,1
2024-05-30 00:00:00.000 UTC,optimism,196,14,43,77
2024-05-30 00:00:00.000 UTC,polygon,4,2,2,3
2024-05-30 00:00:00.000 UTC,scroll,1,1,1,1
2024-05-31 00:00:00.000 UTC,arbitrum,12,3,5,7
2024-05-31 00:00:00.000 UTC,base,5291,8,5,3317
2024-05-31 00:00:00.000 UTC,celo,3,1,1,2
2024-05-31 00:00:00.000 UTC,optimism,137,19,36,59
2024-05-31 00:00:00.000 UTC,polygon,8,2,2,7
2024-06-01 00:00:00.000 UTC,arbitrum,3,2,2,3
2024-06-01 00:00:00.000 UTC,base,14041,6,7,5647
2024-06-01 00:00:00.000 UTC,optimism,50,8,12,27
2024-06-01 00:00:00.000 UTC,polygon,2,1,1,2
2024-06-01 00:00:00.000 UTC,scroll,3,2,3,3
2024-06-02 00:00:00.000 UTC,arbitrum,13,3,2,9
2024-06-02 00:00:00.000 UTC,base,13707,8,6,5364
2024-06-02 00:00:00.000 UTC,optimism,64,11,13,34
2024-06-03 00:00:00.000 UTC,arbitrum,16,2,3,15
2024-06-03 00:00:00.000 UTC,base,16251,11,7,6058
2024-06-03 00:00:00.000 UTC,celo,4,2,2,2
2024-06-03 00:00:00.000 UTC,optimism,160,14,18,47
2024-06-04 00:00:00.000 UTC,arbitrum,13,4,4,13
2024-06-04 00:00:00.000 UTC,base,10653,10,5,5924
2024-06-04 00:00:00.000 UTC,optimism,311,10,33,52
2024-06-04 00:00:00.000 UTC,polygon,1,1,1,1
2024-06-05 00:00:00.000 UTC,arbitrum,20,5,8,10
2024-06-05 00:00:00.000 UTC,base,5617,9,6,3789
2024-06-05 00:00:00.000 UTC,celo,2,1,1,1
2024-06-05 00:00:00.000 UTC,optimism,432,17,35,43
2024-06-05 00:00:00.000 UTC,polygon,5,1,1,5
2024-06-05 00:00:00.000 UTC,scroll,10,1,4,4
2024-06-06 00:00:00.000 UTC,arbitrum,7,3,3,4
2024-06-06 00:00:00.000 UTC,base,5917,10,8,4527
2024-06-06 00:00:00.000 UTC,optimism,493,19,42,46
2024-06-06 00:00:00.000 UTC,polygon,21,1,1,21
2024-06-06 00:00:00.000 UTC,scroll,4,2,3,2
2024-06-07 00:00:00.000 UTC,arbitrum,6,3,3,3
2024-06-07 00:00:00.000 UTC,base,5707,16,10,4418
2024-06-07 00:00:00.000 UTC,optimism,154,15,36,49
2024-06-07 00:00:00.000 UTC,polygon,4,1,1,4
2024-06-08 00:00:00.000 UTC,arbitrum,3,3,3,2
2024-06-08 00:00:00.000 UTC,base,4997,13,7,3877
2024-06-08 00:00:00.000 UTC,optimism,24,9,8,20
2024-06-08 00:00:00.000 UTC,polygon,3,1,1,3
2024-06-09 00:00:00.000 UTC,arbitrum,4,1,1,4
2024-06-09 00:00:00.000 UTC,base,4730,5,3,3695
2024-06-09 00:00:00.000 UTC,optimism,34,9,17,32
2024-06-09 00:00:00.000 UTC,polygon,5,1,1,5
2024-06-10 00:00:00.000 UTC,arbitrum,6,4,4,5
2024-06-10 00:00:00.000 UTC,base,4540,15,10,3595
2024-06-10 00:00:00.000 UTC,celo,1,1,1,1
2024-06-10 00:00:00.000 UTC,optimism,66,13,30,46
2024-06-10 00:00:00.000 UTC,polygon,14,1,1,14
2024-06-11 00:00:00.000 UTC,arbitrum,4,2,3,2
2024-06-11 00:00:00.000 UTC,base,4401,10,7,3444
2024-06-11 00:00:00.000 UTC,celo,4,2,3,3
2024-06-11 00:00:00.000 UTC,optimism,45,9,11,27
2024-06-11 00:00:00.000 UTC,polygon,17,1,1,17
2024-06-12 00:00:00.000 UTC,arbitrum,15,4,6,9
2024-06-12 00:00:00.000 UTC,base,3875,8,7,3023
2024-06-12 00:00:00.000 UTC,celo,1,1,1,1
2024-06-12 00:00:00.000 UTC,optimism,65,14,24,46
2024-06-12 00:00:00.000 UTC,polygon,3,2,2,3
2024-06-13 00:00:00.000 UTC,arbitrum,5,3,3,4
2024-06-13 00:00:00.000 UTC,base,4184,7,5,3037
2024-06-13 00:00:00.000 UTC,celo,1,1,1,1
2024-06-13 00:00:00.000 UTC,optimism,67,13,25,49
2024-06-13 00:00:00.000 UTC,polygon,5,1,1,5
2024-06-13 00:00:00.000 UTC,scroll,2,1,1,2
2024-06-14 00:00:00.000 UTC,arbitrum,4,2,3,4
2024-06-14 00:00:00.000 UTC,base,3067,11,9,2325
2024-06-14 00:00:00.000 UTC,ethereum,3,2,2,2
2024-06-14 00:00:00.000 UTC,optimism,74,12,29,60
2024-06-14 00:00:00.000 UTC,polygon,1,1,1,1
2024-06-14 00:00:00.000 UTC,scroll,29,1,10,13
2024-06-15 00:00:00.000 UTC,base,2997,9,8,2345
2024-06-15 00:00:00.000 UTC,optimism,36,10,16,34
2024-06-15 00:00:00.000 UTC,polygon,8,1,1,8
2024-06-16 00:00:00.000 UTC,arbitrum,2,1,2,2
2024-06-16 00:00:00.000 UTC,base,2506,6,4,1865
2024-06-16 00:00:00.000 UTC,ethereum,1,1,1,1
2024-06-16 00:00:00.000 UTC,optimism,51,9,20,39
2024-06-16 00:00:00.000 UTC,polygon,6,1,1,6
2024-06-16 00:00:00.000 UTC,scroll,1,1,1,1
2024-06-17 00:00:00.000 UTC,arbitrum,34,2,8,7
2024-06-17 00:00:00.000 UTC,base,2502,10,10,1851
2024-06-17 00:00:00.000 UTC,optimism,74,15,31,58
2024-06-17 00:00:00.000 UTC,scroll,8,1,4,3
2024-06-18 00:00:00.000 UTC,arbitrum,13,4,7,6
2024-06-18 00:00:00.000 UTC,base,2187,11,10,1591
2024-06-18 00:00:00.000 UTC,optimism,64,7,20,50
2024-06-18 00:00:00.000 UTC,polygon,9,1,1,9
2024-06-18 00:00:00.000 UTC,scroll,4,1,2,2
2024-06-19 00:00:00.000 UTC,arbitrum,7,3,3,5
2024-06-19 00:00:00.000 UTC,base,1920,10,10,1343
2024-06-19 00:00:00.000 UTC,celo,2,1,1,1
2024-06-19 00:00:00.000 UTC,optimism,55,12,22,45
2024-06-19 00:00:00.000 UTC,polygon,8,1,1,8
2024-06-19 00:00:00.000 UTC,scroll,2,1,2,1
2024-06-20 00:00:00.000 UTC,arbitrum,2,2,2,2
2024-06-20 00:00:00.000 UTC,base,1842,13,11,1274
2024-06-20 00:00:00.000 UTC,optimism,66,12,16,49
2024-06-20 00:00:00.000 UTC,polygon,1,1,1,1
2024-06-20 00:00:00.000 UTC,scroll,5,2,4,3
2024-06-21 00:00:00.000 UTC,arbitrum,8,3,4,6
2024-06-21 00:00:00.000 UTC,base,1674,13,10,1092
2024-06-21 00:00:00.000 UTC,celo,3,1,3,1
2024-06-21 00:00:00.000 UTC,optimism,77,15,30,61
2024-06-21 00:00:00.000 UTC,polygon,1,1,1,1
2024-06-21 00:00:00.000 UTC,scroll,7,1,4,4
2024-06-22 00:00:00.000 UTC,arbitrum,9,3,3,6
2024-06-22 00:00:00.000 UTC,base,1897,11,9,1364
2024-06-22 00:00:00.000 UTC,optimism,38,7,11,38
2024-06-22 00:00:00.000 UTC,scroll,1,1,1,1
2024-06-23 00:00:00.000 UTC,arbitrum,3,1,1,2
2024-06-23 00:00:00.000 UTC,base,1770,14,11,1286
2024-06-23 00:00:00.000 UTC,optimism,45,10,17,38
2024-06-23 00:00:00.000 UTC,polygon,1,1,1,1
2024-06-24 00:00:00.000 UTC,arbitrum,485,3,3,4
2024-06-24 00:00:00.000 UTC,base,3783,14,11,2339
2024-06-24 00:00:00.000 UTC,celo,27,1,1,17
2024-06-24 00:00:00.000 UTC,optimism,77,10,25,69
2024-06-24 00:00:00.000 UTC,polygon,4,1,1,4
2024-06-24 00:00:00.000 UTC,scroll,3,2,2,2
2024-06-25 00:00:00.000 UTC,arbitrum,622,5,5,8
2024-06-25 00:00:00.000 UTC,base,3554,22,17,2256
2024-06-25 00:00:00.000 UTC,optimism,171,17,88,108
2024-06-25 00:00:00.000 UTC,polygon,6,1,1,6
2024-06-25 00:00:00.000 UTC,scroll,2,1,1,2
2024-06-26 00:00:00.000 UTC,arbitrum,9,4,4,5
2024-06-26 00:00:00.000 UTC,base,3382,15,9,2194
2024-06-26 00:00:00.000 UTC,optimism,102,15,51,72
2024-06-26 00:00:00.000 UTC,polygon,22,2,2,20
2024-06-27 00:00:00.000 UTC,arbitrum,5,2,2,4
2024-06-27 00:00:00.000 UTC,base,3037,7,5,1855
2024-06-27 00:00:00.000 UTC,ethereum,2,2,1,2
2024-06-27 00:00:00.000 UTC,optimism,82,16,35,71
2024-06-27 00:00:00.000 UTC,polygon,13,2,2,13
2024-06-27 00:00:00.000 UTC,scroll,1,1,1,1
2024-06-28 00:00:00.000 UTC,arbitrum,12,2,3,2
2024-06-28 00:00:00.000 UTC,base,2293,9,9,1473
2024-06-28 00:00:00.000 UTC,celo,4,2,2,2
2024-06-28 00:00:00.000 UTC,optimism,83,16,42,54
2024-06-28 00:00:00.000 UTC,polygon,4,2,2,4
2024-06-28 00:00:00.000 UTC,scroll,3,2,3,3
2024-06-29 00:00:00.000 UTC,arbitrum,15,4,9,8
2024-06-29 00:00:00.000 UTC,base,1613,6,4,1072
2024-06-29 00:00:00.000 UTC,celo,3,1,3,1
2024-06-29 00:00:00.000 UTC,optimism,46,10,24,29
2024-06-30 00:00:00.000 UTC,arbitrum,21,3,11,10
2024-06-30 00:00:00.000 UTC,base,1528,21,19,904
2024-06-30 00:00:00.000 UTC,ethereum,1,1,1,1
2024-06-30 00:00:00.000 UTC,optimism,33,8,19,26
2024-06-30 00:00:00.000 UTC,polygon,1,1,1,1
2024-07-01 00:00:00.000 UTC,arbitrum,12,3,2,12
2024-07-01 00:00:00.000 UTC,base,1926,34,30,1236
2024-07-01 00:00:00.000 UTC,celo,9,1,4,3
2024-07-01 00:00:00.000 UTC,optimism,97,15,32,42
2024-07-01 00:00:00.000 UTC,polygon,2,1,1,2
2024-07-01 00:00:00.000 UTC,scroll,2,1,1,2
2024-07-02 00:00:00.000 UTC,arbitrum,10,2,4,6
2024-07-02 00:00:00.000 UTC,base,1703,13,10,1107
2024-07-02 00:00:00.000 UTC,celo,2,1,1,1
2024-07-02 00:00:00.000 UTC,optimism,118,16,37,56
2024-07-02 00:00:00.000 UTC,polygon,2,1,1,2
2024-07-02 00:00:00.000 UTC,scroll,1,1,1,1
2024-07-03 00:00:00.000 UTC,arbitrum,11,4,4,8
2024-07-03 00:00:00.000 UTC,base,1733,11,9,1120
2024-07-03 00:00:00.000 UTC,celo,4,1,2,2
2024-07-03 00:00:00.000 UTC,optimism,43,11,33,35
2024-07-03 00:00:00.000 UTC,polygon,1,1,1,1
2024-07-04 00:00:00.000 UTC,arbitrum,35,3,8,10
2024-07-04 00:00:00.000 UTC,base,1530,15,13,995
2024-07-04 00:00:00.000 UTC,optimism,80,15,32,32
2024-07-05 00:00:00.000 UTC,arbitrum,27,5,4,17
2024-07-05 00:00:00.000 UTC,base,1757,18,17,1227
2024-07-05 00:00:00.000 UTC,optimism,80,15,29,45
2024-07-05 00:00:00.000 UTC,scroll,2,1,1,2
2024-07-06 00:00:00.000 UTC,arbitrum,9,3,3,5
2024-07-06 00:00:00.000 UTC,base,1432,10,11,974
2024-07-06 00:00:00.000 UTC,optimism,56,10,24,35
2024-07-07 00:00:00.000 UTC,arbitrum,1,1,1,1
2024-07-07 00:00:00.000 UTC,base,2270,16,15,1157
2024-07-07 00:00:00.000 UTC,optimism,72,7,17,30
2024-07-07 00:00:00.000 UTC,polygon,3,1,1,3
2024-07-08 00:00:00.000 UTC,arbitrum,2,2,2,2
2024-07-08 00:00:00.000 UTC,base,1713,13,16,1179
2024-07-08 00:00:00.000 UTC,celo,1,1,1,1
2024-07-08 00:00:00.000 UTC,optimism,126,11,26,44
2024-07-08 00:00:00.000 UTC,polygon,6,1,1,6
2024-07-08 00:00:00.000 UTC,scroll,4,1,2,1
2024-07-09 00:00:00.000 UTC,arbitrum,11,5,4,9
2024-07-09 00:00:00.000 UTC,base,1908,12,11,1290
2024-07-09 00:00:00.000 UTC,optimism,85,13,27,47
2024-07-09 00:00:00.000 UTC,polygon,2,1,1,2
2024-07-10 00:00:00.000 UTC,arbitrum,21,3,6,7
2024-07-10 00:00:00.000 UTC,base,1658,14,17,1098
2024-07-10 00:00:00.000 UTC,optimism,90,17,53,69
2024-07-10 00:00:00.000 UTC,polygon,6,1,1,6
2024-07-11 00:00:00.000 UTC,arbitrum,12,4,5,6
2024-07-11 00:00:00.000 UTC,base,1747,14,16,1120
2024-07-11 00:00:00.000 UTC,optimism,70,14,35,51
2024-07-11 00:00:00.000 UTC,polygon,4,1,1,4
2024-07-12 00:00:00.000 UTC,arbitrum,4,2,2,4
2024-07-12 00:00:00.000 UTC,base,1992,10,8,1333
2024-07-12 00:00:00.000 UTC,ethereum,2,2,2,2
2024-07-12 00:00:00.000 UTC,optimism,109,18,40,57
2024-07-12 00:00:00.000 UTC,polygon,1,1,1,1
2024-07-13 00:00:00.000 UTC,arbitrum,2,2,2,2
2024-07-13 00:00:00.000 UTC,base,1924,7,5,1252
2024-07-13 00:00:00.000 UTC,celo,1,1,1,1
2024-07-13 00:00:00.000 UTC,optimism,118,15,23,35
2024-07-14 00:00:00.000 UTC,arbitrum,9,3,4,3
2024-07-14 00:00:00.000 UTC,base,1576,8,6,1006
2024-07-14 00:00:00.000 UTC,optimism,62,16,24,36
2024-07-14 00:00:00.000 UTC,scroll,58185,1,17157,42602
2024-07-15 00:00:00.000 UTC,base,1814,9,9,1167
2024-07-15 00:00:00.000 UTC,optimism,130,15,61,79
2024-07-15 00:00:00.000 UTC,polygon,99,1,1,99
2024-07-15 00:00:00.000 UTC,scroll,108978,3,17573,82781
2024-07-16 00:00:00.000 UTC,base,1937,8,7,1183
2024-07-16 00:00:00.000 UTC,optimism,187,15,55,62
2024-07-16 00:00:00.000 UTC,polygon,60,1,1,60
2024-07-16 00:00:00.000 UTC,scroll,81672,2,20132,57994
2024-07-17 00:00:00.000 UTC,arbitrum,6,2,4,3
2024-07-17 00:00:00.000 UTC,base,2181,10,9,1455
2024-07-17 00:00:00.000 UTC,celo,2,1,1,1
2024-07-17 00:00:00.000 UTC,ethereum,1,1,1,1
2024-07-17 00:00:00.000 UTC,optimism,580,14,86,109
2024-07-17 00:00:00.000 UTC,polygon,32,1,1,32
2024-07-17 00:00:00.000 UTC,scroll,64638,2,15093,45624
2024-07-18 00:00:00.000 UTC,arbitrum,27,2,8,4
2024-07-18 00:00:00.000 UTC,base,2259,8,6,1455
2024-07-18 00:00:00.000 UTC,optimism,157,18,29,54
2024-07-18 00:00:00.000 UTC,polygon,22,1,1,22
2024-07-18 00:00:00.000 UTC,scroll,57800,7,10413,40105
2024-07-19 00:00:00.000 UTC,arbitrum,11,2,4,4
2024-07-19 00:00:00.000 UTC,base,1966,15,12,1351
2024-07-19 00:00:00.000 UTC,optimism,77,17,25,44
2024-07-19 00:00:00.000 UTC,polygon,2,1,1,2
2024-07-19 00:00:00.000 UTC,scroll,50080,9,9697,33188
2024-07-20 00:00:00.000 UTC,arbitrum,13,5,5,8
2024-07-20 00:00:00.000 UTC,base,2140,8,10,1597
2024-07-20 00:00:00.000 UTC,optimism,55,10,14,38
2024-07-20 00:00:00.000 UTC,polygon,8,1,1,8
2024-07-20 00:00:00.000 UTC,scroll,42210,4,7944,27689
2024-07-21 00:00:00.000 UTC,arbitrum,5,2,4,3
2024-07-21 00:00:00.000 UTC,base,2191,7,5,1622
2024-07-21 00:00:00.000 UTC,optimism,54,11,16,29
2024-07-21 00:00:00.000 UTC,polygon,7,1,1,7
2024-07-21 00:00:00.000 UTC,scroll,38598,5,6847,24075
2024-07-22 00:00:00.000 UTC,arbitrum,11,3,6,6
2024-07-22 00:00:00.000 UTC,base,2130,8,6,1503
2024-07-22 00:00:00.000 UTC,optimism,66,14,19,44
2024-07-22 00:00:00.000 UTC,polygon,5,1,1,5
2024-07-22 00:00:00.000 UTC,scroll,32252,2,5869,20247
2024-07-23 00:00:00.000 UTC,arbitrum,1,1,1,1
2024-07-23 00:00:00.000 UTC,base,2575,6,5,1843
2024-07-23 00:00:00.000 UTC,celo,1,1,1,1
2024-07-23 00:00:00.000 UTC,ethereum,1,1,1,1
2024-07-23 00:00:00.000 UTC,optimism,79,14,22,38
2024-07-23 00:00:00.000 UTC,polygon,17,1,1,17
2024-07-23 00:00:00.000 UTC,scroll,38366,4,12900,24228
2024-07-24 00:00:00.000 UTC,arbitrum,17,4,6,6
2024-07-24 00:00:00.000 UTC,base,2164,9,6,1491
2024-07-24 00:00:00.000 UTC,optimism,134,15,22,95
2024-07-24 00:00:00.000 UTC,polygon,8,1,1,8
2024-07-24 00:00:00.000 UTC,scroll,44205,3,16166,28094
2024-07-25 00:00:00.000 UTC,arbitrum,20,3,7,6
2024-07-25 00:00:00.000 UTC,base,2426,9,8,1780
2024-07-25 00:00:00.000 UTC,celo,6,2,2,2
2024-07-25 00:00:00.000 UTC,optimism,74,14,16,34
2024-07-25 00:00:00.000 UTC,polygon,3,1,1,3
2024-07-25 00:00:00.000 UTC,scroll,36031,4,11072,21517
2024-07-26 00:00:00.000 UTC,arbitrum,20,2,4,7
2024-07-26 00:00:00.000 UTC,base,2489,5,3,1738
2024-07-26 00:00:00.000 UTC,celo,5,1,1,1
2024-07-26 00:00:00.000 UTC,optimism,63,11,14,24
2024-07-26 00:00:00.000 UTC,polygon,2,1,1,2
2024-07-26 00:00:00.000 UTC,scroll,31303,3,8868,18513
2024-07-27 00:00:00.000 UTC,arbitrum,10,1,6,6
2024-07-27 00:00:00.000 UTC,base,1866,4,2,1278
2024-07-27 00:00:00.000 UTC,celo,8,2,2,1
2024-07-27 00:00:00.000 UTC,optimism,35,11,16,23
2024-07-27 00:00:00.000 UTC,polygon,4,1,1,4
2024-07-27 00:00:00.000 UTC,scroll,33905,2,7553,20376
2024-07-28 00:00:00.000 UTC,arbitrum,12,2,5,5
2024-07-28 00:00:00.000 UTC,base,1972,3,1,1366
2024-07-28 00:00:00.000 UTC,celo,2,1,1,1
2024-07-28 00:00:00.000 UTC,optimism,20,9,11,19
2024-07-28 00:00:00.000 UTC,polygon,3,1,1,3
2024-07-28 00:00:00.000 UTC,scroll,31201,2,7290,18023
2024-07-29 00:00:00.000 UTC,arbitrum,37,2,8,12
2024-07-29 00:00:00.000 UTC,base,2191,6,4,1708
2024-07-29 00:00:00.000 UTC,celo,5,2,3,4
2024-07-29 00:00:00.000 UTC,optimism,104,13,22,71
2024-07-29 00:00:00.000 UTC,polygon,3,1,1,3
2024-07-29 00:00:00.000 UTC,scroll,32282,2,6257,19785
